"filename", "language", "JSON", "JavaScript", "HTML", "vue", "CSS", "Markdown", "JSON with Comments", "comment", "blank", "total"
"f:\Work\GitHub\finalCmsV2\finalCmsV2\src\IDE\mageFrontEnd\README.md", "Markdown", 0, 0, 0, 0, 0, 2, 0, 0, 2, 4
"f:\Work\GitHub\finalCmsV2\finalCmsV2\src\IDE\mageFrontEnd\index.html", "HTML", 0, 0, 266, 0, 0, 0, 0, 7, 52, 325
"f:\Work\GitHub\finalCmsV2\finalCmsV2\src\IDE\mageFrontEnd\jsconfig.json", "JSON with Comments", 0, 0, 0, 0, 0, 0, 8, 0, 1, 9
"f:\Work\GitHub\finalCmsV2\finalCmsV2\src\IDE\mageFrontEnd\package.json", "JSON", 42, 0, 0, 0, 0, 0, 0, 0, 1, 43
"f:\Work\GitHub\finalCmsV2\finalCmsV2\src\IDE\mageFrontEnd\public\style.css", "CSS", 0, 0, 0, 0, 151, 0, 0, 0, 33, 184
"f:\Work\GitHub\finalCmsV2\finalCmsV2\src\IDE\mageFrontEnd\public\wangEditor.css", "CSS", 0, 0, 0, 0, 24, 0, 0, 0, 3, 27
"f:\Work\GitHub\finalCmsV2\finalCmsV2\src\IDE\mageFrontEnd\public\wangEditor.js", "JavaScript", 0, 15363, 0, 0, 0, 0, 0, 5418, 3349, 24130
"f:\Work\GitHub\finalCmsV2\finalCmsV2\src\IDE\mageFrontEnd\src\App.vue", "vue", 0, 0, 0, 54, 0, 0, 0, 0, 7, 61
"f:\Work\GitHub\finalCmsV2\finalCmsV2\src\IDE\mageFrontEnd\src\assets\css\index.css", "CSS", 0, 0, 0, 0, 0, 0, 0, 0, 1, 1
"f:\Work\GitHub\finalCmsV2\finalCmsV2\src\IDE\mageFrontEnd\src\assets\css\moonIcon.css", "CSS", 0, 0, 0, 0, 6836, 0, 0, 0, 2276, 9112
"f:\Work\GitHub\finalCmsV2\finalCmsV2\src\IDE\mageFrontEnd\src\components\baseElements\CmsButton.vue", "vue", 0, 0, 0, 49, 0, 0, 0, 0, 4, 53
"f:\Work\GitHub\finalCmsV2\finalCmsV2\src\IDE\mageFrontEnd\src\components\baseElements\CmsInput.vue", "vue", 0, 0, 0, 355, 0, 0, 0, 2, 65, 422
"f:\Work\GitHub\finalCmsV2\finalCmsV2\src\IDE\mageFrontEnd\src\components\baseElements\CmsPagination.vue", "vue", 0, 0, 0, 117, 0, 0, 0, 5, 21, 143
"f:\Work\GitHub\finalCmsV2\finalCmsV2\src\IDE\mageFrontEnd\src\components\baseElements\CmsSwitch.vue", "vue", 0, 0, 0, 56, 0, 0, 0, 0, 7, 63
"f:\Work\GitHub\finalCmsV2\finalCmsV2\src\IDE\mageFrontEnd\src\components\baseElements\CmsTextarea.vue", "vue", 0, 0, 0, 134, 0, 0, 0, 1, 26, 161
"f:\Work\GitHub\finalCmsV2\finalCmsV2\src\IDE\mageFrontEnd\src\components\baseElements\Dialog.vue", "vue", 0, 0, 0, 138, 0, 0, 0, 0, 22, 160
"f:\Work\GitHub\finalCmsV2\finalCmsV2\src\IDE\mageFrontEnd\src\components\baseElements\FileUpload.vue", "vue", 0, 0, 0, 182, 0, 0, 0, 3, 35, 220
"f:\Work\GitHub\finalCmsV2\finalCmsV2\src\IDE\mageFrontEnd\src\components\baseElements\ImageUpload.vue", "vue", 0, 0, 0, 179, 0, 0, 0, 4, 37, 220
"f:\Work\GitHub\finalCmsV2\finalCmsV2\src\IDE\mageFrontEnd\src\components\baseElements\RichEditor.vue", "vue", 0, 0, 0, 112, 0, 0, 0, 0, 23, 135
"f:\Work\GitHub\finalCmsV2\finalCmsV2\src\IDE\mageFrontEnd\src\components\baseElements\iconList.json", "JSON", 2275, 0, 0, 0, 0, 0, 0, 0, 0, 2275
"f:\Work\GitHub\finalCmsV2\finalCmsV2\src\IDE\mageFrontEnd\src\components\element\BackGround.vue", "vue", 0, 0, 0, 108, 0, 0, 0, 0, 8, 116
"f:\Work\GitHub\finalCmsV2\finalCmsV2\src\IDE\mageFrontEnd\src\components\element\Ballpit.vue", "vue", 0, 0, 0, 840, 0, 0, 0, 0, 70, 910
"f:\Work\GitHub\finalCmsV2\finalCmsV2\src\IDE\mageFrontEnd\src\components\element\BoidsWeb.vue", "vue", 0, 0, 0, 202, 0, 0, 0, 0, 27, 229
"f:\Work\GitHub\finalCmsV2\finalCmsV2\src\IDE\mageFrontEnd\src\components\element\CardSwap .vue", "vue", 0, 0, 0, 247, 0, 0, 0, 0, 38, 285
"f:\Work\GitHub\finalCmsV2\finalCmsV2\src\IDE\mageFrontEnd\src\components\element\ContentTemplate.vue", "vue", 0, 0, 0, 49, 0, 0, 0, 0, 8, 57
"f:\Work\GitHub\finalCmsV2\finalCmsV2\src\IDE\mageFrontEnd\src\components\element\DotBackground.vue", "vue", 0, 0, 0, 97, 0, 0, 0, 0, 24, 121
"f:\Work\GitHub\finalCmsV2\finalCmsV2\src\IDE\mageFrontEnd\src\components\element\ElectricBorder.vue", "vue", 0, 0, 0, 181, 0, 0, 0, 0, 35, 216
"f:\Work\GitHub\finalCmsV2\finalCmsV2\src\IDE\mageFrontEnd\src\components\element\Element2.vue", "vue", 0, 0, 0, 53, 0, 0, 0, 31, 14, 98
"f:\Work\GitHub\finalCmsV2\finalCmsV2\src\IDE\mageFrontEnd\src\components\element\GlassSurface .vue", "vue", 0, 0, 0, 325, 0, 0, 0, 0, 44, 369
"f:\Work\GitHub\finalCmsV2\finalCmsV2\src\IDE\mageFrontEnd\src\components\element\GradientText.vue", "vue", 0, 0, 0, 60, 0, 0, 0, 0, 12, 72
"f:\Work\GitHub\finalCmsV2\finalCmsV2\src\IDE\mageFrontEnd\src\components\element\GridScan.vue", "vue", 0, 0, 0, 800, 0, 0, 0, 0, 113, 913
"f:\Work\GitHub\finalCmsV2\finalCmsV2\src\IDE\mageFrontEnd\src\components\element\Iridescence.vue", "vue", 0, 0, 0, 160, 0, 0, 0, 0, 41, 201
"f:\Work\GitHub\finalCmsV2\finalCmsV2\src\IDE\mageFrontEnd\src\components\element\MagicBento.vue", "vue", 0, 0, 0, 792, 0, 0, 0, 0, 115, 907
"f:\Work\GitHub\finalCmsV2\finalCmsV2\src\IDE\mageFrontEnd\src\components\element\ReactBackground.vue", "vue", 0, 0, 0, 266, 0, 0, 0, 0, 35, 301
"f:\Work\GitHub\finalCmsV2\finalCmsV2\src\IDE\mageFrontEnd\src\components\element\ShinyText.vue", "vue", 0, 0, 0, 41, 0, 0, 0, 0, 8, 49
"f:\Work\GitHub\finalCmsV2\finalCmsV2\src\IDE\mageFrontEnd\src\components\element\SpotlightCard .vue", "vue", 0, 0, 0, 46, 0, 0, 0, 0, 12, 58
"f:\Work\GitHub\finalCmsV2\finalCmsV2\src\IDE\mageFrontEnd\src\main.js", "JavaScript", 0, 26, 0, 0, 0, 0, 0, 0, 4, 30
"f:\Work\GitHub\finalCmsV2\finalCmsV2\src\IDE\mageFrontEnd\src\request\file.js", "JavaScript", 0, 15, 0, 0, 0, 0, 0, 1, 2, 18
"f:\Work\GitHub\finalCmsV2\finalCmsV2\src\IDE\mageFrontEnd\src\request\functionManageApi.js", "JavaScript", 0, 28, 0, 0, 0, 0, 0, 4, 5, 37
"f:\Work\GitHub\finalCmsV2\finalCmsV2\src\IDE\mageFrontEnd\src\request\login.js", "JavaScript", 0, 25, 0, 0, 0, 0, 0, 0, 6, 31
"f:\Work\GitHub\finalCmsV2\finalCmsV2\src\IDE\mageFrontEnd\src\request\request.js", "JavaScript", 0, 56, 0, 0, 0, 0, 0, 9, 7, 72
"f:\Work\GitHub\finalCmsV2\finalCmsV2\src\IDE\mageFrontEnd\src\request\roleManageApi.js", "JavaScript", 0, 70, 0, 0, 0, 0, 0, 10, 11, 91
"f:\Work\GitHub\finalCmsV2\finalCmsV2\src\IDE\mageFrontEnd\src\request\userManageApi.js", "JavaScript", 0, 16, 0, 0, 0, 0, 0, 0, 6, 22
"f:\Work\GitHub\finalCmsV2\finalCmsV2\src\IDE\mageFrontEnd\src\request\websiteFileManageApi.js", "JavaScript", 0, 25, 0, 0, 0, 0, 0, 0, 10, 35
"f:\Work\GitHub\finalCmsV2\finalCmsV2\src\IDE\mageFrontEnd\src\request\websiteListApi.js", "JavaScript", 0, 25, 0, 0, 0, 0, 0, 0, 5, 30
"f:\Work\GitHub\finalCmsV2\finalCmsV2\src\IDE\mageFrontEnd\src\request\websiteManageApi.js", "JavaScript", 0, 16, 0, 0, 0, 0, 0, 5, 6, 27
"f:\Work\GitHub\finalCmsV2\finalCmsV2\src\IDE\mageFrontEnd\src\request\websiteMenuManageApi.js", "JavaScript", 0, 19, 0, 0, 0, 0, 0, 6, 7, 32
"f:\Work\GitHub\finalCmsV2\finalCmsV2\src\IDE\mageFrontEnd\src\request\websiteNodeApi.js", "JavaScript", 0, 25, 0, 0, 0, 0, 0, 0, 5, 30
"f:\Work\GitHub\finalCmsV2\finalCmsV2\src\IDE\mageFrontEnd\src\router\index.js", "JavaScript", 0, 67, 0, 0, 0, 0, 0, 0, 1, 68
"f:\Work\GitHub\finalCmsV2\finalCmsV2\src\IDE\mageFrontEnd\src\store\systemStore.js", "JavaScript", 0, 51, 0, 0, 0, 0, 0, 0, 18, 69
"f:\Work\GitHub\finalCmsV2\finalCmsV2\src\IDE\mageFrontEnd\src\utils\util.js", "JavaScript", 0, 14, 0, 0, 0, 0, 0, 0, 5, 19
"f:\Work\GitHub\finalCmsV2\finalCmsV2\src\IDE\mageFrontEnd\src\views\Console\Index.vue", "vue", 0, 0, 0, 98, 0, 0, 0, 0, 8, 106
"f:\Work\GitHub\finalCmsV2\finalCmsV2\src\IDE\mageFrontEnd\src\views\Console\components\SystemLeftMenu.vue", "vue", 0, 0, 0, 58, 0, 0, 0, 0, 7, 65
"f:\Work\GitHub\finalCmsV2\finalCmsV2\src\IDE\mageFrontEnd\src\views\Console\view\SystemDataAnalysis\systemDataAnalysis.vue", "vue", 0, 0, 0, 3, 0, 0, 0, 0, 0, 3
"f:\Work\GitHub\finalCmsV2\finalCmsV2\src\IDE\mageFrontEnd\src\views\Console\view\SystemFunctionManage\SystemFunctionManage.vue", "vue", 0, 0, 0, 132, 0, 0, 0, 0, 13, 145
"f:\Work\GitHub\finalCmsV2\finalCmsV2\src\IDE\mageFrontEnd\src\views\Console\view\SystemFunctionManage\elements\FunctionEdit.vue", "vue", 0, 0, 0, 79, 0, 0, 0, 0, 10, 89
"f:\Work\GitHub\finalCmsV2\finalCmsV2\src\IDE\mageFrontEnd\src\views\Console\view\SystemFunctionManage\elements\FunctionItem.vue", "vue", 0, 0, 0, 223, 0, 0, 0, 0, 33, 256
"f:\Work\GitHub\finalCmsV2\finalCmsV2\src\IDE\mageFrontEnd\src\views\Console\view\SystemFunctionManage\elements\FunctionTitle.vue", "vue", 0, 0, 0, 54, 0, 0, 0, 0, 7, 61
"f:\Work\GitHub\finalCmsV2\finalCmsV2\src\IDE\mageFrontEnd\src\views\Console\view\SystemRoleManage\SystemRoleManage.vue", "vue", 0, 0, 0, 168, 0, 0, 0, 0, 15, 183
"f:\Work\GitHub\finalCmsV2\finalCmsV2\src\IDE\mageFrontEnd\src\views\Console\view\SystemRoleManage\elements\RoleEdit.vue", "vue", 0, 0, 0, 75, 0, 0, 0, 0, 10, 85
"f:\Work\GitHub\finalCmsV2\finalCmsV2\src\IDE\mageFrontEnd\src\views\Console\view\SystemRoleManage\elements\RoleItem.vue", "vue", 0, 0, 0, 254, 0, 0, 0, 0, 37, 291
"f:\Work\GitHub\finalCmsV2\finalCmsV2\src\IDE\mageFrontEnd\src\views\Console\view\SystemRoleManage\elements\RolePermission.vue", "vue", 0, 0, 0, 97, 0, 0, 0, 0, 14, 111
"f:\Work\GitHub\finalCmsV2\finalCmsV2\src\IDE\mageFrontEnd\src\views\Console\view\SystemRoleManage\elements\RoleTitle.vue", "vue", 0, 0, 0, 53, 0, 0, 0, 0, 7, 60
"f:\Work\GitHub\finalCmsV2\finalCmsV2\src\IDE\mageFrontEnd\src\views\Console\view\SystemUserManage\SystemUserManage.vue", "vue", 0, 0, 0, 291, 0, 0, 0, 0, 31, 322
"f:\Work\GitHub\finalCmsV2\finalCmsV2\src\IDE\mageFrontEnd\src\views\Console\view\SystemUserManage\elements\UserEdit.vue", "vue", 0, 0, 0, 169, 0, 0, 0, 0, 18, 187
"f:\Work\GitHub\finalCmsV2\finalCmsV2\src\IDE\mageFrontEnd\src\views\Console\view\SystemUserManage\elements\UserItem.vue", "vue", 0, 0, 0, 219, 0, 0, 0, 0, 32, 251
"f:\Work\GitHub\finalCmsV2\finalCmsV2\src\IDE\mageFrontEnd\src\views\Console\view\SystemUserManage\elements\UserTitle.vue", "vue", 0, 0, 0, 50, 0, 0, 0, 0, 4, 54
"f:\Work\GitHub\finalCmsV2\finalCmsV2\src\IDE\mageFrontEnd\src\views\Console\view\SystemWebsiteManage\SystemWebsiteManage.vue", "vue", 0, 0, 0, 196, 0, 0, 0, 0, 22, 218
"f:\Work\GitHub\finalCmsV2\finalCmsV2\src\IDE\mageFrontEnd\src\views\Console\view\SystemWebsiteManage\elements\WebsiteEdit.vue", "vue", 0, 0, 0, 175, 0, 0, 0, 0, 23, 198
"f:\Work\GitHub\finalCmsV2\finalCmsV2\src\IDE\mageFrontEnd\src\views\Console\view\SystemWebsiteManage\elements\WebsiteItem.vue", "vue", 0, 0, 0, 219, 0, 0, 0, 0, 32, 251
"f:\Work\GitHub\finalCmsV2\finalCmsV2\src\IDE\mageFrontEnd\src\views\Console\view\SystemWebsiteManage\elements\WebsiteTitle.vue", "vue", 0, 0, 0, 50, 0, 0, 0, 0, 5, 55
"f:\Work\GitHub\finalCmsV2\finalCmsV2\src\IDE\mageFrontEnd\src\views\Console\view\SystemWebsiteMenuManage\SystemWebsiteMenuManage.vue", "vue", 0, 0, 0, 143, 0, 0, 0, 0, 16, 159
"f:\Work\GitHub\finalCmsV2\finalCmsV2\src\IDE\mageFrontEnd\src\views\Console\view\SystemWebsiteMenuManage\elements\WebsiteMenuEdit.vue", "vue", 0, 0, 0, 129, 0, 0, 0, 0, 13, 142
"f:\Work\GitHub\finalCmsV2\finalCmsV2\src\IDE\mageFrontEnd\src\views\Console\view\SystemWebsiteMenuManage\elements\WebsiteMenuItem.vue", "vue", 0, 0, 0, 225, 0, 0, 0, 0, 33, 258
"f:\Work\GitHub\finalCmsV2\finalCmsV2\src\IDE\mageFrontEnd\src\views\Console\view\SystemWebsiteMenuManage\elements\WebsiteMenuTitle.vue", "vue", 0, 0, 0, 54, 0, 0, 0, 0, 7, 61
"f:\Work\GitHub\finalCmsV2\finalCmsV2\src\IDE\mageFrontEnd\src\views\FunctionPages\DataAnalysis\DataAnalysis.vue", "vue", 0, 0, 0, 3, 0, 0, 0, 0, 0, 3
"f:\Work\GitHub\finalCmsV2\finalCmsV2\src\IDE\mageFrontEnd\src\views\FunctionPages\FileController\FileController.vue", "vue", 0, 0, 0, 272, 0, 0, 0, 0, 52, 324
"f:\Work\GitHub\finalCmsV2\finalCmsV2\src\IDE\mageFrontEnd\src\views\FunctionPages\FileController\elements\FileTree.vue", "vue", 0, 0, 0, 279, 0, 0, 0, 1, 54, 334
"f:\Work\GitHub\finalCmsV2\finalCmsV2\src\IDE\mageFrontEnd\src\views\FunctionPages\FileController\elements\ListController\ListController.vue", "vue", 0, 0, 0, 210, 0, 0, 0, 0, 34, 244
"f:\Work\GitHub\finalCmsV2\finalCmsV2\src\IDE\mageFrontEnd\src\views\FunctionPages\FileController\elements\ListController\elements\DynamicPropEdit.vue", "vue", 0, 0, 0, 160, 0, 0, 0, 3, 30, 193
"f:\Work\GitHub\finalCmsV2\finalCmsV2\src\IDE\mageFrontEnd\src\views\FunctionPages\FileController\elements\ListController\elements\List.vue", "vue", 0, 0, 0, 372, 0, 0, 0, 0, 68, 440
"f:\Work\GitHub\finalCmsV2\finalCmsV2\src\IDE\mageFrontEnd\src\views\FunctionPages\FileController\elements\ListController\elements\ListEdit.vue", "vue", 0, 0, 0, 130, 0, 0, 0, 4, 17, 151
"f:\Work\GitHub\finalCmsV2\finalCmsV2\src\IDE\mageFrontEnd\src\views\FunctionPages\FileController\elements\ListController\elements\ListTitle.vue", "vue", 0, 0, 0, 47, 0, 0, 0, 0, 4, 51
"f:\Work\GitHub\finalCmsV2\finalCmsV2\src\IDE\mageFrontEnd\src\views\FunctionPages\FileController\elements\ListController\view\NodeController.vue", "vue", 0, 0, 0, 242, 0, 0, 0, 0, 35, 277
"f:\Work\GitHub\finalCmsV2\finalCmsV2\src\IDE\mageFrontEnd\src\views\FunctionPages\FileController\elements\ListController\view\elements\DynamicPropEdit.vue", "vue", 0, 0, 0, 160, 0, 0, 0, 3, 30, 193
"f:\Work\GitHub\finalCmsV2\finalCmsV2\src\IDE\mageFrontEnd\src\views\FunctionPages\FileController\elements\ListController\view\elements\Node.vue", "vue", 0, 0, 0, 362, 0, 0, 0, 0, 76, 438
"f:\Work\GitHub\finalCmsV2\finalCmsV2\src\IDE\mageFrontEnd\src\views\FunctionPages\FileController\elements\ListController\view\elements\NodeEdit.vue", "vue", 0, 0, 0, 142, 0, 0, 0, 1, 20, 163
"f:\Work\GitHub\finalCmsV2\finalCmsV2\src\IDE\mageFrontEnd\src\views\FunctionPages\FileController\elements\ListController\view\elements\NodeTitle.vue", "vue", 0, 0, 0, 47, 0, 0, 0, 0, 4, 51
"f:\Work\GitHub\finalCmsV2\finalCmsV2\src\IDE\mageFrontEnd\src\views\FunctionPages\FileController\elements\TreeNode.vue", "vue", 0, 0, 0, 233, 0, 0, 0, 0, 30, 263
"f:\Work\GitHub\finalCmsV2\finalCmsV2\src\IDE\mageFrontEnd\src\views\FunctionPages\ListController\ListController.vue", "vue", 0, 0, 0, 199, 0, 0, 0, 0, 29, 228
"f:\Work\GitHub\finalCmsV2\finalCmsV2\src\IDE\mageFrontEnd\src\views\FunctionPages\ListController\elements\DynamicPropEdit.vue", "vue", 0, 0, 0, 160, 0, 0, 0, 3, 30, 193
"f:\Work\GitHub\finalCmsV2\finalCmsV2\src\IDE\mageFrontEnd\src\views\FunctionPages\ListController\elements\List.vue", "vue", 0, 0, 0, 362, 0, 0, 0, 0, 70, 432
"f:\Work\GitHub\finalCmsV2\finalCmsV2\src\IDE\mageFrontEnd\src\views\FunctionPages\ListController\elements\ListEdit.vue", "vue", 0, 0, 0, 130, 0, 0, 0, 4, 17, 151
"f:\Work\GitHub\finalCmsV2\finalCmsV2\src\IDE\mageFrontEnd\src\views\FunctionPages\ListController\elements\ListTitle.vue", "vue", 0, 0, 0, 53, 0, 0, 0, 0, 4, 57
"f:\Work\GitHub\finalCmsV2\finalCmsV2\src\IDE\mageFrontEnd\src\views\FunctionPages\ListController\view\NodeController.vue", "vue", 0, 0, 0, 230, 0, 0, 0, 0, 35, 265
"f:\Work\GitHub\finalCmsV2\finalCmsV2\src\IDE\mageFrontEnd\src\views\FunctionPages\ListController\view\elements\DynamicPropEdit.vue", "vue", 0, 0, 0, 160, 0, 0, 0, 3, 30, 193
"f:\Work\GitHub\finalCmsV2\finalCmsV2\src\IDE\mageFrontEnd\src\views\FunctionPages\ListController\view\elements\Node.vue", "vue", 0, 0, 0, 372, 0, 0, 0, 0, 72, 444
"f:\Work\GitHub\finalCmsV2\finalCmsV2\src\IDE\mageFrontEnd\src\views\FunctionPages\ListController\view\elements\NodeEdit.vue", "vue", 0, 0, 0, 142, 0, 0, 0, 1, 20, 163
"f:\Work\GitHub\finalCmsV2\finalCmsV2\src\IDE\mageFrontEnd\src\views\FunctionPages\ListController\view\elements\NodeTitle.vue", "vue", 0, 0, 0, 52, 0, 0, 0, 0, 4, 56
"f:\Work\GitHub\finalCmsV2\finalCmsV2\src\IDE\mageFrontEnd\src\views\Home\Home.vue", "vue", 0, 0, 0, 80, 0, 0, 0, 0, 6, 86
"f:\Work\GitHub\finalCmsV2\finalCmsV2\src\IDE\mageFrontEnd\src\views\Index\Menu.vue", "vue", 0, 0, 0, 213, 0, 0, 0, 1, 40, 254
"f:\Work\GitHub\finalCmsV2\finalCmsV2\src\IDE\mageFrontEnd\src\views\Index\element\LeftMenu.vue", "vue", 0, 0, 0, 257, 0, 0, 0, 0, 52, 309
"f:\Work\GitHub\finalCmsV2\finalCmsV2\src\IDE\mageFrontEnd\src\views\Login.vue", "vue", 0, 0, 0, 503, 0, 0, 0, 11, 62, 576
"f:\Work\GitHub\finalCmsV2\finalCmsV2\src\IDE\mageFrontEnd\src\views\WebMenu\WebCard.vue", "vue", 0, 0, 0, 129, 0, 0, 0, 0, 24, 153
"f:\Work\GitHub\finalCmsV2\finalCmsV2\src\IDE\mageFrontEnd\src\views\WebMenu\WebMenu.vue", "vue", 0, 0, 0, 309, 0, 0, 0, 0, 49, 358
"f:\Work\GitHub\finalCmsV2\finalCmsV2\src\IDE\mageFrontEnd\vite.config.js", "JavaScript", 0, 17, 0, 0, 0, 0, 0, 1, 2, 20
"f:\Work\GitHub\finalCmsV2\finalCmsV2\src\IDE\server\DataBase\SystemConfig.js", "JavaScript", 0, 7, 0, 0, 0, 0, 0, 0, 2, 9
"f:\Work\GitHub\finalCmsV2\finalCmsV2\src\IDE\server\DataBase\SystemController.js", "JavaScript", 0, 482, 0, 0, 0, 0, 0, 32, 145, 659
"f:\Work\GitHub\finalCmsV2\finalCmsV2\src\IDE\server\DataBase\WebsiteController.js", "JavaScript", 0, 270, 0, 0, 0, 0, 0, 81, 60, 411
"f:\Work\GitHub\finalCmsV2\finalCmsV2\src\IDE\server\DataBase\systemData.json", "JSON", 312, 0, 0, 0, 0, 0, 0, 0, 0, 312
"f:\Work\GitHub\finalCmsV2\finalCmsV2\src\IDE\server\main.js", "JavaScript", 0, 4, 0, 0, 0, 0, 0, 3, 1, 8
"f:\Work\GitHub\finalCmsV2\finalCmsV2\src\IDE\server\server\FrontServer\FrontServer.js", "JavaScript", 0, 129, 0, 0, 0, 0, 0, 49, 36, 214
"f:\Work\GitHub\finalCmsV2\finalCmsV2\src\IDE\server\server\backEndServer\BackEndServer.js", "JavaScript", 0, 57, 0, 0, 0, 0, 0, 2, 10, 69
"f:\Work\GitHub\finalCmsV2\finalCmsV2\src\IDE\server\server\backEndServer\server\FileServer.js", "JavaScript", 0, 107, 0, 0, 0, 0, 0, 14, 20, 141
"f:\Work\GitHub\finalCmsV2\finalCmsV2\src\IDE\server\server\backEndServer\server\LoginServer.js", "JavaScript", 0, 74, 0, 0, 0, 0, 0, 10, 18, 102
"f:\Work\GitHub\finalCmsV2\finalCmsV2\src\IDE\server\server\backEndServer\server\UserManageServer.js", "JavaScript", 0, 209, 0, 0, 0, 0, 0, 27, 67, 303
"f:\Work\GitHub\finalCmsV2\finalCmsV2\src\IDE\server\server\backEndServer\server\WebsiteListServer.js", "JavaScript", 0, 28, 0, 0, 0, 0, 0, 0, 5, 33
"f:\Work\GitHub\finalCmsV2\finalCmsV2\src\IDE\server\server\backEndServer\server\WebsiteManageServer.js", "JavaScript", 0, 362, 0, 0, 0, 0, 0, 39, 109, 510
"f:\Work\GitHub\finalCmsV2\finalCmsV2\src\IDE\server\server\backEndServer\server\WebsiteNodeServer.js", "JavaScript", 0, 28, 0, 0, 0, 0, 0, 0, 4, 32
"f:\Work\GitHub\finalCmsV2\finalCmsV2\src\IDE\server\server\webappsController\WebsiteDataSync.js", "JavaScript", 0, 100, 0, 0, 0, 0, 0, 17, 34, 151
"f:\Work\GitHub\finalCmsV2\finalCmsV2\src\IDE\server\server\webappsController\WebsiteFileSync.js", "JavaScript", 0, 153, 0, 0, 0, 0, 0, 2, 36, 191
"f:\Work\GitHub\finalCmsV2\finalCmsV2\src\IDE\server\utils\timeUtils.js", "JavaScript", 0, 12, 0, 0, 0, 0, 0, 4, 5, 21
"f:\Work\GitHub\finalCmsV2\finalCmsV2\src\IDE\server\webapps\ROOT\404.html", "HTML", 0, 0, 187, 0, 0, 0, 0, 0, 1, 188
"f:\Work\GitHub\finalCmsV2\finalCmsV2\src\IDE\server\webapps\ROOT\cmsScripts\FinalCms.js", "JavaScript", 0, 978, 0, 0, 0, 0, 0, 378, 152, 1508
"f:\Work\GitHub\finalCmsV2\finalCmsV2\src\IDE\server\webapps\ROOT\cmsScripts\FinalCms_1.0.js", "JavaScript", 0, 266, 0, 0, 0, 0, 0, 4, 52, 322
"f:\Work\GitHub\finalCmsV2\finalCmsV2\src\IDE\server\webapps\ROOT\cmsScripts\quill.js", "JavaScript", 0, 1, 0, 0, 0, 0, 0, 2, 0, 3
"f:\Work\GitHub\finalCmsV2\finalCmsV2\src\IDE\server\webapps\ROOT\cmsScripts\quill.snow.css", "CSS", 0, 0, 0, 0, 1035, 0, 0, 8, 245, 1288
"f:\Work\GitHub\finalCmsV2\finalCmsV2\src\IDE\server\webapps\ROOT\data\list.json", "JSON", 73, 0, 0, 0, 0, 0, 0, 0, 1, 74
"f:\Work\GitHub\finalCmsV2\finalCmsV2\src\IDE\server\webapps\ROOT\data\modifyInfo.json", "JSON", 3, 0, 0, 0, 0, 0, 0, 0, 0, 3
"f:\Work\GitHub\finalCmsV2\finalCmsV2\src\IDE\server\webapps\ROOT\index.html", "HTML", 0, 0, 11, 0, 0, 0, 0, 0, 1, 12
"f:\Work\GitHub\finalCmsV2\finalCmsV2\src\IDE\server\webapps\alumni\404.html", "HTML", 0, 0, 20, 0, 0, 0, 0, 0, 0, 20
"f:\Work\GitHub\finalCmsV2\finalCmsV2\src\IDE\server\webapps\alumni\CmsComponent\head.html", "HTML", 0, 0, 1, 0, 0, 0, 0, 0, 0, 1
"f:\Work\GitHub\finalCmsV2\finalCmsV2\src\IDE\server\webapps\alumni\data\list.json", "JSON", 1, 0, 0, 0, 0, 0, 0, 0, 0, 1
"f:\Work\GitHub\finalCmsV2\finalCmsV2\src\IDE\server\webapps\alumni\data\modifyInfo.json", "JSON", 3, 0, 0, 0, 0, 0, 0, 0, 0, 3
"f:\Work\GitHub\finalCmsV2\finalCmsV2\src\IDE\server\webapps\alumni\index.html", "HTML", 0, 0, 11, 0, 0, 0, 0, 0, 3, 14
"f:\Work\GitHub\finalCmsV2\finalCmsV2\src\IDE\server\webapps\jgfy\404.html", "HTML", 0, 0, 20, 0, 0, 0, 0, 0, 0, 20
"f:\Work\GitHub\finalCmsV2\finalCmsV2\src\IDE\server\webapps\jgfy\CmsComponent\head.html", "HTML", 0, 0, 1, 0, 0, 0, 0, 0, 0, 1
"f:\Work\GitHub\finalCmsV2\finalCmsV2\src\IDE\server\webapps\jgfy\data\list.json", "JSON", 1, 0, 0, 0, 0, 0, 0, 0, 0, 1
"f:\Work\GitHub\finalCmsV2\finalCmsV2\src\IDE\server\webapps\jgfy\data\modifyInfo.json", "JSON", 3, 0, 0, 0, 0, 0, 0, 0, 0, 3
"f:\Work\GitHub\finalCmsV2\finalCmsV2\src\IDE\server\webapps\jgfy\index.html", "HTML", 0, 0, 11, 0, 0, 0, 0, 0, 3, 14
"f:\Work\GitHub\finalCmsV2\finalCmsV2\src\IDE\server\webapps\marxism\404.html", "HTML", 0, 0, 20, 0, 0, 0, 0, 0, 0, 20
"f:\Work\GitHub\finalCmsV2\finalCmsV2\src\IDE\server\webapps\marxism\CmsComponent\head.html", "HTML", 0, 0, 5, 0, 0, 0, 0, 0, 1, 6
"f:\Work\GitHub\finalCmsV2\finalCmsV2\src\IDE\server\webapps\marxism\data\list.json", "JSON", 43, 0, 0, 0, 0, 0, 0, 0, 0, 43
"f:\Work\GitHub\finalCmsV2\finalCmsV2\src\IDE\server\webapps\marxism\data\modifyInfo.json", "JSON", 3, 0, 0, 0, 0, 0, 0, 0, 0, 3
"f:\Work\GitHub\finalCmsV2\finalCmsV2\src\IDE\server\webapps\marxism\index.html", "HTML", 0, 0, 11, 0, 0, 0, 0, 0, 0, 11
"f:\Work\GitHub\finalCmsV2\finalCmsV2\src\IDE\server\webapps\zhaosheng\404.html", "HTML", 0, 0, 187, 0, 0, 0, 0, 0, 3, 190
"f:\Work\GitHub\finalCmsV2\finalCmsV2\src\IDE\server\webapps\zhaosheng\CmsComponent\foot.html", "HTML", 0, 0, 0, 0, 0, 0, 0, 0, 1, 1
"f:\Work\GitHub\finalCmsV2\finalCmsV2\src\IDE\server\webapps\zhaosheng\CmsComponent\head.html", "HTML", 0, 0, 1, 0, 0, 0, 0, 0, 0, 1
"f:\Work\GitHub\finalCmsV2\finalCmsV2\src\IDE\server\webapps\zhaosheng\article.html", "HTML", 0, 0, 39, 0, 0, 0, 0, 0, 2, 41
"f:\Work\GitHub\finalCmsV2\finalCmsV2\src\IDE\server\webapps\zhaosheng\data\list.json", "JSON", 92, 0, 0, 0, 0, 0, 0, 0, 0, 92
"f:\Work\GitHub\finalCmsV2\finalCmsV2\src\IDE\server\webapps\zhaosheng\data\modifyInfo.json", "JSON", 3, 0, 0, 0, 0, 0, 0, 0, 0, 3
"f:\Work\GitHub\finalCmsV2\finalCmsV2\src\IDE\server\webapps\zhaosheng\index.html", "HTML", 0, 0, 39, 0, 0, 0, 0, 0, 4, 43
"f:\Work\GitHub\finalCmsV2\finalCmsV2\src\IDE\server\webapps\zhaosheng\list.html", "HTML", 0, 0, 11, 0, 0, 0, 0, 0, 2, 13
"f:\Work\GitHub\finalCmsV2\finalCmsV2\src\IDE\server\webapps\zhaosheng\test.json", "JSON", 0, 0, 0, 0, 0, 0, 0, 0, 1, 1
"f:\Work\GitHub\finalCmsV2\finalCmsV2\src\IDE\utils\chokidar.js", "JavaScript", 0, 16, 0, 0, 0, 0, 0, 5, 6, 27
"f:\Work\GitHub\finalCmsV2\finalCmsV2\src\IDE\utils\socket.io.js", "JavaScript", 0, 3165, 0, 0, 0, 0, 0, 1212, 62, 4439
"Total", "-", 2854, 22306, 841, 14867, 8046, 2, 8, 7431, 9156, 65511